{"data":{"__monkeyMsgBroadcast__":"o{\"data\":{},\"tabId\":1768,\"title\":\"没用的 · Gpt - 分享有用的互联网资源！ - 无限稍慢|免登录\",\"referrer\":{\"ancestorOrigins\":{\"length\":0},\"href\":\"https://www.mydyjs.com/?v=101\",\"origin\":\"https://www.mydyjs.com\",\"protocol\":\"https:\",\"host\":\"www.mydyjs.com\",\"hostname\":\"www.mydyjs.com\",\"port\":\"\",\"pathname\":\"/\",\"search\":\"?v=101\",\"hash\":\"\"},\"updateTime\":1703905578196}","_global_id_":"n1777","_h5player_media_playbackRate":"n1","globalKeydownEvent":"o{\"data\":{\"isTrusted\":true,\"key\":\"c\",\"code\":\"KeyC\",\"location\":0,\"ctrlKey\":true,\"shiftKey\":false,\"altKey\":false,\"metaKey\":false,\"repeat\":false,\"isComposing\":false,\"charCode\":0,\"keyCode\":67,\"DOM_KEY_LOCATION_STANDARD\":0,\"DOM_KEY_LOCATION_LEFT\":1,\"DOM_KEY_LOCATION_RIGHT\":2,\"DOM_KEY_LOCATION_NUMPAD\":3,\"detail\":0,\"which\":67,\"type\":\"keydown\",\"eventPhase\":1,\"bubbles\":true,\"cancelable\":true,\"defaultPrevented\":false,\"composed\":true,\"timeStamp\":465070.8999999985,\"returnValue\":true,\"cancelBubble\":false,\"NONE\":0,\"CAPTURING_PHASE\":1,\"AT_TARGET\":2,\"BUBBLING_PHASE\":3},\"tabId\":1768,\"title\":\"1Chat.vin国内免费且最快的智能AI\",\"referrer\":{\"ancestorOrigins\":{\"0\":\"https://www.mydyjs.com\",\"length\":1},\"href\":\"https://chat02.a1r.cc/#/chat/1002\",\"origin\":\"https://chat02.a1r.cc\",\"protocol\":\"https:\",\"host\":\"chat02.a1r.cc\",\"hostname\":\"chat02.a1r.cc\",\"port\":\"\",\"pathname\":\"/\",\"search\":\"\",\"hash\":\"#/chat/1002\"},\"updateTime\":1703829657648}","videoDetected":"o{\"data\":{\"src\":\"\"},\"tabId\":1768,\"title\":\"搜索AI伙伴\",\"referrer\":{\"ancestorOrigins\":{\"0\":\"https://www.mydyjs.com\",\"length\":1},\"href\":\"https://chat.baidu.com/\",\"origin\":\"https://chat.baidu.com\",\"protocol\":\"https:\",\"host\":\"chat.baidu.com\",\"hostname\":\"chat.baidu.com\",\"port\":\"\",\"pathname\":\"/\",\"search\":\"\",\"hash\":\"\"},\"updateTime\":1703829187893}"},"ts":1703905578196}