{"options":{"awareOfChrome":false,"check_for_updates":true,"comment":null,"compat_arrayleft":false,"compat_foreach":false,"compat_forvarin":false,"compat_metadata":false,"compat_uW_gmonkey":false,"compat_wrappedjsobject":false,"compatopts_for_requires":true,"noframes":null,"override":{"merge_connects":true,"merge_excludes":true,"merge_includes":true,"merge_matches":true,"orig_connects":["zhihu.com","vzuu.com"],"orig_excludes":[],"orig_includes":[],"orig_matches":["http://*/*","https://*.zhihu.com/*","https://v.vzuu.com/video/*","https://video.zhihu.com/video/*"],"orig_noframes":null,"orig_run_at":"document-end","use_blockers":[],"use_connects":[],"use_excludes":[],"use_includes":[],"use_matches":[]},"run_at":null},"settings":{"enabled":true,"position":1},"meta":{"name":"New Userscript","uuid":"fa752b78-7788-47da-9768-7c7f74f58aaf","modified":1698039625046}}