{"options":{"awareOfChrome":false,"check_for_updates":true,"comment":null,"compat_arrayleft":false,"compat_foreach":false,"compat_forvarin":false,"compat_metadata":false,"compat_uW_gmonkey":false,"compat_wrappedjsobject":false,"compatopts_for_requires":true,"noframes":null,"override":{"merge_connects":true,"merge_excludes":true,"merge_includes":true,"merge_matches":true,"orig_connects":["tool.zhihupe.com","tool.wezhicms.com","47.99.158.118","api.bilibili.com","mobile.ximalaya.com","v2.api.haodanku.com","www.iesdouyin.com","bijiatool-v2.manmanbuy.com","view-cache.book118.com","pcweb.api.mgtv.com","docimg1.docin.com","www.360fandu.cn","api.shop.xuelg.com","pan.10zv.net"],"orig_excludes":[],"orig_includes":[],"orig_matches":["*://laisoyiba.com/*","*://*.youku.com/v_*","*://*.iqiyi.com/v_*","*://*.iqiyi.com/w_*","*://*.iqiyi.com/a_*","*://v.qq.com/x/cover/*","*://v.qq.com/x/page/*","*://v.qq.com/tv/*","*://*.mgtv.com/b/*","*://*.bilibili.com/video/*","*://*.bilibili.com/bangumi/play/*","*://www.acfun.cn/bangumi/*","*://www.le.com/ptv/vplay/*","*://www.wasu.cn/Play/show/*","*://vip.1905.com/play/*","*://tv.sohu.com/v/*","*://film.sohu.com/album/*","*://v.pptv.com/show/*","*://m.v.qq.com/*","*://m.iqiyi.com/v_*","*://m.iqiyi.com/w_*","*://m.iqiyi.com/a_*","*://m.youku.com/alipay_video/*","*://m.youku.com/video/*","*://m.mgtv.com/b/*","*://m.bilibili.com/video/*","*://m.bilibili.com/anime/*","*://m.bilibili.com/bangumi/play/*","*://m.le.com/vplay_*","*://vip.1905.com/m/play/*","*://www.wasu.cn/wap/*/show/*","*://m.tv.sohu.com/v.*","*://m.pptv.com/show/*","*://*jiaoyupan.com/forum.php?mod=viewthread&tid=*","*://*.book118.com/html/*","*://view-cache.book118.com/*","*://*.book118.com/?readpage*","*://*.doc88.com/p*","*://*.mbalib.com/view*","*://*.docin.com/p-*","*://wenku.baidu.com/*view/*","*://wk.baidu.com/*view/*","*://www.ximalaya.com/*","*://blog.csdn.net/*","*://*.douyin.com/video/*","*.kuaishou.com/short-video/*","*.kuaishou.com/video/*","*.kuaishou.com/new-reco*","*.ixigua.com/*","*.baidu.com/*"],"orig_noframes":null,"orig_run_at":"document-end","use_blockers":[],"use_connects":[],"use_excludes":[],"use_includes":[],"use_matches":[]},"run_at":null},"settings":{"enabled":true,"position":19},"meta":{"name":"文库下载器|百度网盘直链解析下载|全网VIP视频解析无广告播放，全网独创自由选择自动解析接口|短视频无水印下载|更多功能持续更新中","uuid":"f0a4efea-e7c9-4da2-a655-e0d47ce4bafe","modified":1698906458575,"file_url":"https://greasyfork.org/scripts/444713-%E6%96%87%E5%BA%93%E4%B8%8B%E8%BD%BD%E5%99%A8-%E7%99%BE%E5%BA%A6%E7%BD%91%E7%9B%98%E7%9B%B4%E9%93%BE%E8%A7%A3%E6%9E%90%E4%B8%8B%E8%BD%BD-%E5%85%A8%E7%BD%91vip%E8%A7%86%E9%A2%91%E8%A7%A3%E6%9E%90%E6%97%A0%E5%B9%BF%E5%91%8A%E6%92%AD%E6%94%BE-%E5%85%A8%E7%BD%91%E7%8B%AC%E5%88%9B%E8%87%AA%E7%94%B1%E9%80%89%E6%8B%A9%E8%87%AA%E5%8A%A8%E8%A7%A3%E6%9E%90%E6%8E%A5%E5%8F%A3-%E7%9F%AD%E8%A7%86%E9%A2%91%E6%97%A0%E6%B0%B4%E5%8D%B0%E4%B8%8B%E8%BD%BD-%E6%9B%B4%E5%A4%9A%E5%8A%9F%E8%83%BD%E6%8C%81%E7%BB%AD%E6%9B%B4%E6%96%B0%E4%B8%AD/code/%E6%96%87%E5%BA%93%E4%B8%8B%E8%BD%BD%E5%99%A8%7C%E7%99%BE%E5%BA%A6%E7%BD%91%E7%9B%98%E7%9B%B4%E9%93%BE%E8%A7%A3%E6%9E%90%E4%B8%8B%E8%BD%BD%7C%E5%85%A8%E7%BD%91VIP%E8%A7%86%E9%A2%91%E8%A7%A3%E6%9E%90%E6%97%A0%E5%B9%BF%E5%91%8A%E6%92%AD%E6%94%BE%EF%BC%8C%E5%85%A8%E7%BD%91%E7%8B%AC%E5%88%9B%E8%87%AA%E7%94%B1%E9%80%89%E6%8B%A9%E8%87%AA%E5%8A%A8%E8%A7%A3%E6%9E%90%E6%8E%A5%E5%8F%A3%7C%E7%9F%AD%E8%A7%86%E9%A2%91%E6%97%A0%E6%B0%B4%E5%8D%B0%E4%B8%8B%E8%BD%BD%7C%E6%9B%B4%E5%A4%9A%E5%8A%9F%E8%83%BD%E6%8C%81%E7%BB%AD%E6%9B%B4%E6%96%B0%E4%B8%AD.user.js"}}