{"options":{"awareOfChrome":false,"check_for_updates":true,"comment":null,"compat_arrayleft":false,"compat_foreach":false,"compat_forvarin":false,"compat_metadata":false,"compat_uW_gmonkey":false,"compat_wrappedjsobject":false,"compatopts_for_requires":true,"noframes":null,"override":{"merge_connects":true,"merge_excludes":true,"merge_includes":true,"merge_matches":true,"orig_connects":["kubedown.com","meituan.net","staticfile.org","baidu.com","alidns.com"],"orig_excludes":[],"orig_includes":[],"orig_matches":["*://pan.baidu.com/*"],"orig_noframes":null,"orig_run_at":"document-idle","use_blockers":[],"use_connects":[],"use_excludes":[],"use_includes":[],"use_matches":[]},"run_at":null},"settings":{"enabled":true,"position":4},"meta":{"name":"百度网盘不限速下载-KubeDown","uuid":"5826f78b-02fa-4f20-8f83-a066a424f1cb","modified":1698040544077,"file_url":"https://greasyfork.org/scripts/463832-%E7%99%BE%E5%BA%A6%E7%BD%91%E7%9B%98%E4%B8%8D%E9%99%90%E9%80%9F%E4%B8%8B%E8%BD%BD-kubedown/code/%E7%99%BE%E5%BA%A6%E7%BD%91%E7%9B%98%E4%B8%8D%E9%99%90%E9%80%9F%E4%B8%8B%E8%BD%BD-KubeDown.user.js"}}