{"options":{"awareOfChrome":false,"check_for_updates":true,"comment":null,"compat_arrayleft":false,"compat_foreach":false,"compat_forvarin":false,"compat_metadata":false,"compat_uW_gmonkey":false,"compat_wrappedjsobject":false,"compatopts_for_requires":true,"noframes":null,"override":{"merge_connects":true,"merge_excludes":true,"merge_includes":true,"merge_matches":true,"orig_connects":["baidu.com","baidupcs.com","aliyundrive.com","189.cn","xunlei.com","quark.cn","youxiaohou.com","yun.139.com","caiyun.139.com","localhost","*"],"orig_excludes":[],"orig_includes":[],"orig_matches":["*://pan.baidu.com/disk/home*","*://yun.baidu.com/disk/home*","*://pan.baidu.com/disk/main*","*://yun.baidu.com/disk/main*","*://pan.baidu.com/s/*","*://yun.baidu.com/s/*","*://pan.baidu.com/share/*","*://yun.baidu.com/share/*","*://www.aliyundrive.com/s/*","*://www.aliyundrive.com/drive*","*://cloud.189.cn/web/*","*://pan.xunlei.com/*","*://pan.quark.cn/*","*://yun.139.com/*","*://caiyun.139.com/*"],"orig_noframes":null,"orig_run_at":"document-idle","use_blockers":[],"use_connects":[],"use_excludes":[],"use_includes":[],"use_matches":[]},"run_at":null},"settings":{"enabled":true,"position":6},"meta":{"name":"网盘直链下载助手","uuid":"02b1311d-1973-4fa1-b5e6-a682bd6db34c","modified":1699509715796,"file_url":"https://greasyfork.org/scripts/436446-%E7%BD%91%E7%9B%98%E7%9B%B4%E9%93%BE%E4%B8%8B%E8%BD%BD%E5%8A%A9%E6%89%8B/code/%E7%BD%91%E7%9B%98%E7%9B%B4%E9%93%BE%E4%B8%8B%E8%BD%BD%E5%8A%A9%E6%89%8B.user.js"}}