{"options":{"awareOfChrome":false,"check_for_updates":true,"comment":null,"compat_arrayleft":false,"compat_foreach":false,"compat_forvarin":false,"compat_metadata":false,"compat_uW_gmonkey":false,"compat_wrappedjsobject":false,"compatopts_for_requires":true,"noframes":null,"override":{"merge_connects":true,"merge_excludes":true,"merge_includes":true,"merge_matches":true,"orig_connects":[],"orig_excludes":[],"orig_includes":[],"orig_matches":["*://*.csdn.net/*","*://*.jianshu.com/*","*://juejin.cn/*","*://*.zhihu.com/*","*://tieba.baidu.com/*","*://baijiahao.baidu.com/s*","*://mbd.baidu.com/newspage/data/*","*://news.baidu.com/news*","*://m.baidu.com/sf_baijiahao/*","*://view.inews.qq.com/*","*://m.sohu.com/a/*","*://m.v.qq.com/*","*://*.youku.com/*","*://*.iqiyi.com/*","*://haokan.baidu.com/*","*://*.1905.com/*","*://*.baidu.com/*","*://*.bilibili.com/*","*://3g.dxy.cn/*","*://www.cn-healthcare.com/*","*://*.sina.cn/*","*://m.weibo.cn/*","*://wap.eastmoney.com/*","*://mguba.eastmoney.com/*","*://*.ixigua.com/*","*://www.douyin.com/*","*://m.elecfans.com/*","*://app.people.cn/*","*://m.bjnews.com.cn/detail/*","*://*.guancha.cn/*","*://m.thepaper.cn/newsDetail_forward*","*://*.ifeng.com/*","*://m.163.com/*/article/*","*://m.163.com/v/video/*","*://3g.163.com/*/article/*","*://3g.163.com/v/video/*","*://m.toutiao.com/article/*","*://www.toutiao.com/article/*","*://m.huxiu.com/*","*://m.hupu.com/*","*://m.douban.com/movie/subject/*","*://g.pconline.com.cn/*","*://m.zol.com.cn/*","*://wap.zol.com.cn/*","*://www.autohome.com.cn/*","*://*.m.autohome.com.cn/*","*://m.autohome.com.cn/*","*://m.pcauto.com.cn/*","*://www.taptap.cn/*","*://m.taptap.cn/*","*://m.ithome.com/*","*://www.360doc.com/content/*","*://www.oschina.net/*","*://developer.aliyun.com/article/*","*://huaweicloud.csdn.net/*","*://m.36kr.com/p/*","*://xueqiu.com/*","*://segmentfault.com/q/*","*://www.w3cschool.cn/*","*://m.tianyancha.com/*","*://*.zcool.com.cn/*","*://m.ximalaya.com/*","*://www.xiaohongshu.com/*","*://wap.cnki.net/*","*://www.zfrontier.com/*"],"orig_noframes":null,"orig_run_at":"document-body","use_blockers":[],"use_connects":[],"use_excludes":[],"use_includes":[],"use_matches":[]},"run_at":null},"settings":{"enabled":true,"position":8},"meta":{"name":"骚扰拦截","uuid":"9162f661-e1d8-4f26-a66b-69a24210bea0","modified":1700643246661,"file_url":"https://greasyfork.org/scripts/440871-%E9%AA%9A%E6%89%B0%E6%8B%A6%E6%88%AA/code/%E9%AA%9A%E6%89%B0%E6%8B%A6%E6%88%AA.user.js"}}