{"options":{"awareOfChrome":false,"check_for_updates":true,"comment":null,"compat_arrayleft":false,"compat_foreach":false,"compat_forvarin":false,"compat_metadata":false,"compat_uW_gmonkey":false,"compat_wrappedjsobject":false,"compatopts_for_requires":true,"noframes":null,"override":{"merge_connects":true,"merge_excludes":true,"merge_includes":true,"merge_matches":true,"orig_connects":["api.typechrome.com","gitlab.com"],"orig_excludes":[],"orig_includes":[],"orig_matches":["*://*.youku.com/*","*://*.iqiyi.com/*","*://*.iq.com/*","*://*.le.com/*","*://v.qq.com/*","*://m.v.qq.com/*","*://*.tudou.com/*","*://*.mgtv.com/*","*://tv.sohu.com/*","*://*.1905.com/*","*://film.sohu.com/*","*://*.bilibili.com/*","*://*.pptv.com/*"],"orig_noframes":null,"orig_run_at":"document-idle","use_blockers":[],"use_connects":[],"use_excludes":[],"use_includes":[],"use_matches":[]},"run_at":null},"settings":{"enabled":true,"position":3},"meta":{"name":"💯 懒人专用系列 ——— 全网 VIP 视频破解去广告","uuid":"50be845e-1b13-4ebf-ad88-c4905d28d06e","modified":1699948463322,"file_url":"https://greasyfork.org/scripts/467776-%E6%87%92%E4%BA%BA%E4%B8%93%E7%94%A8%E7%B3%BB%E5%88%97-%E5%85%A8%E7%BD%91-vip-%E8%A7%86%E9%A2%91%E7%A0%B4%E8%A7%A3%E5%8E%BB%E5%B9%BF%E5%91%8A/code/%F0%9F%92%AF%20%E6%87%92%E4%BA%BA%E4%B8%93%E7%94%A8%E7%B3%BB%E5%88%97%20%E2%80%94%E2%80%94%E2%80%94%20%E5%85%A8%E7%BD%91%20VIP%20%E8%A7%86%E9%A2%91%E7%A0%B4%E8%A7%A3%E5%8E%BB%E5%B9%BF%E5%91%8A.user.js"}}