{"options":{"awareOfChrome":false,"check_for_updates":true,"comment":null,"compat_arrayleft":false,"compat_foreach":false,"compat_forvarin":false,"compat_metadata":false,"compat_uW_gmonkey":false,"compat_wrappedjsobject":false,"compatopts_for_requires":true,"noframes":null,"override":{"merge_connects":true,"merge_excludes":true,"merge_includes":true,"merge_matches":true,"orig_connects":["chatai.to","luntianxia.uk","pp2pdf.com","tdchat0.com","zw7.lol","xeasy.me","api.aigcfun.com","ai5.wuguokai.top","chat.aidutu.cn","chat86.cn","wobcw.com","chat.68686.ltd","t66.ltd","t-chat.cn","ai.ls","chat.ohtoai.com","extkj.cn","free.anzz.top","supremes.pro","bnu120.space","free-chat.asia","chat7.aifks001.online","sunls.me","theb.ai","www.ftcl.store","chatgpt.qdymys.cn","chat.bushiai.com","www.pizzagpt.it","www.phind.com","easyai.one","chat2.wuguokai.cn","a0.chat","gpt.esojourn.org","free-api.cveoy.top","chatcleand.xyz","154.40.59.105","gptplus.one","xcbl.cc","hz-it-dev.com","toyaml.com","38.47.97.76","lbb.ai","api.aichatos.cloud","gamejx.cn","ai001.live","ai003.live","promptboom.com","caipacity.com","anfans.cn","6bbs.cn","ai-yuxin.space","cytsee.com","yeyu1024.xyz","gptgo.ai","mixerbox.com","muspimerol.site","frechat.xyz"],"orig_excludes":[],"orig_includes":[],"orig_matches":["*://yeyu1024.xyz/gpt.html*","*://yeyu1024.xyz/gptlight.html*"],"orig_noframes":null,"orig_run_at":"document-end","use_blockers":[],"use_connects":[],"use_excludes":[],"use_includes":[],"use_matches":[]},"run_at":null},"settings":{"enabled":false,"position":10},"meta":{"name":"Chat网页增强","uuid":"d3fda183-4132-43fc-aa9f-830def27eadd","modified":1698041093821,"file_url":"https://greasyfork.org/scripts/463138-chat%E7%BD%91%E9%A1%B5%E5%A2%9E%E5%BC%BA/code/Chat%E7%BD%91%E9%A1%B5%E5%A2%9E%E5%BC%BA.user.js"}}