{"data":{"YmFpZHVfYWNjZXNzX1Rva2Vu":"s{\"key\":\"baidu_access_Token\",\"value\":\"123.6fe51c7b3345054726c3994a40b7cb9b.YC5xYau2QbIwFGcOL2d21k4VTTRoDwKzbksSGUQ.YtzpkQ\",\"exp\":1698999762427}","YmlsaUluZm8tNzE2MzMwMDQz":"s{\"key\":\"biliInfo-716330043\",\"value\":{\"bvid\":\"BV1dX4y1A7YF\",\"aid\":716330043,\"videos\":1,\"tid\":208,\"tname\":\"校园学习\",\"copyright\":1,\"pic\":\"http://i2.hdslb.com/bfs/archive/472441e375253b4194e8d08b0d87bde2d5ae8f86.jpg\",\"title\":\"彻底搞懂电力电子中的坐标变换\",\"pubdate\":1624713229,\"ctime\":1624713229,\"desc\":\"之前在看张兴老师《PWM整流器及其控制》那本书时，对里面的坐标变换产生了很多疑问，为什么和我平时用的不一样哪？对于matlab中的abc到dq的两种模式又应该怎么选择一直傻傻分不清，最近费了很多功夫对各种情况整理了一下，现在分享给大家，也希望能帮助大家更好的理解坐标变换，有什么问题欢迎大家评论区留言讨论，共同学习，共同进步。\",\"desc_v2\":[{\"raw_text\":\"之前在看张兴老师《PWM整流器及其控制》那本书时，对里面的坐标变换产生了很多疑问，为什么和我平时用的不一样哪？对于matlab中的abc到dq的两种模式又应该怎么选择一直傻傻分不清，最近费了很多功夫对各种情况整理了一下，现在分享给大家，也希望能帮助大家更好的理解坐标变换，有什么问题欢迎大家评论区留言讨论，共同学习，共同进步。\",\"type\":1,\"biz_id\":0}],\"state\":0,\"duration\":1910,\"rights\":{\"bp\":0,\"elec\":0,\"download\":1,\"movie\":0,\"pay\":0,\"hd5\":0,\"no_reprint\":1,\"autoplay\":1,\"ugc_pay\":0,\"is_cooperation\":0,\"ugc_pay_preview\":0,\"no_background\":0,\"clean_mode\":0,\"is_stein_gate\":0,\"is_360\":0,\"no_share\":0,\"arc_pay\":0,\"free_watch\":0},\"owner\":{\"mid\":446167138,\"name\":\"木修于淋\",\"face\":\"https://i1.hdslb.com/bfs/face/bdd149129f4f5f6e976d3f3716e8c24399e150a9.jpg\"},\"stat\":{\"aid\":716330043,\"view\":45637,\"danmaku\":156,\"reply\":180,\"favorite\":2412,\"coin\":1131,\"share\":300,\"now_rank\":0,\"his_rank\":0,\"like\":1256,\"dislike\":0,\"evaluation\":\"\",\"argue_msg\":\"\",\"vt\":0},\"dynamic\":\"\",\"cid\":360137052,\"dimension\":{\"width\":2560,\"height\":1600,\"rotate\":0},\"season_id\":1188685,\"premiere\":null,\"teenage_mode\":0,\"is_chargeable_season\":false,\"is_story\":false,\"is_upower_exclusive\":false,\"is_upower_play\":false,\"enable_vt\":0,\"vt_display\":\"\",\"no_cache\":false,\"pages\":[{\"cid\":360137052,\"page\":1,\"from\":\"vupload\",\"part\":\"坐标变换\",\"duration\":1910,\"vid\":\"\",\"weblink\":\"\",\"dimension\":{\"width\":2560,\"height\":1600,\"rotate\":0}}],\"subtitle\":{\"allow_submit\":true,\"list\":[]},\"ugc_season\":{\"id\":1188685,\"title\":\"坐标变换三部曲\",\"cover\":\"https://archive.biliimg.com/bfs/archive/b086b2a05be1741a93204aee3a71b1fac5806a09.jpg\",\"mid\":446167138,\"intro\":\"该系列首先详细介绍了坐标变换的类型及其推导过程，然后利用坐标变换讲解锁相环的原理及其仿真搭建过程，最后再利用坐标变换求解三相功率和单相功率。\",\"sign_state\":0,\"attribute\":140,\"sections\":[{\"season_id\":1188685,\"id\":1369191,\"title\":\"正片\",\"type\":1,\"episodes\":[{\"season_id\":1188685,\"section_id\":1369191,\"id\":24136929,\"aid\":716330043,\"cid\":360137052,\"title\":\"彻底搞懂电力电子中的坐标变换\",\"attribute\":0,\"arc\":{\"aid\":716330043,\"videos\":0,\"type_id\":0,\"type_name\":\"\",\"copyright\":0,\"pic\":\"http://i2.hdslb.com/bfs/archive/472441e375253b4194e8d08b0d87bde2d5ae8f86.jpg\",\"title\":\"彻底搞懂电力电子中的坐标变换\",\"pubdate\":1624713229,\"ctime\":1624713229,\"desc\":\"\",\"state\":0,\"duration\":1910,\"rights\":{\"bp\":0,\"elec\":0,\"download\":0,\"movie\":0,\"pay\":0,\"hd5\":0,\"no_reprint\":0,\"autoplay\":0,\"ugc_pay\":0,\"is_cooperation\":0,\"ugc_pay_preview\":0,\"arc_pay\":0,\"free_watch\":0},\"author\":{\"mid\":0,\"name\":\"\",\"face\":\"\"},\"stat\":{\"aid\":716330043,\"view\":45637,\"danmaku\":156,\"reply\":180,\"fav\":2412,\"coin\":1131,\"share\":300,\"now_rank\":0,\"his_rank\":0,\"like\":1256,\"dislike\":0,\"evaluation\":\"\",\"argue_msg\":\"\",\"vt\":0,\"vv\":45637},\"dynamic\":\"\",\"dimension\":{\"width\":0,\"height\":0,\"rotate\":0},\"desc_v2\":null,\"is_chargeable_season\":false,\"is_blooper\":false,\"enable_vt\":0,\"vt_display\":\"\"},\"page\":{\"cid\":360137052,\"page\":1,\"from\":\"vupload\",\"part\":\"坐标变换\",\"duration\":1910,\"vid\":\"\",\"weblink\":\"\",\"dimension\":{\"width\":2560,\"height\":1600,\"rotate\":0}},\"bvid\":\"BV1dX4y1A7YF\"},{\"season_id\":1188685,\"section_id\":1369191,\"id\":24136928,\"aid\":758836146,\"cid\":361132931,\"title\":\"彻底搞懂在不同坐标变换坐标系下的三相锁相环输出特点\",\"attribute\":0,\"arc\":{\"aid\":758836146,\"videos\":0,\"type_id\":0,\"type_name\":\"\",\"copyright\":0,\"pic\":\"http://i1.hdslb.com/bfs/archive/42c94239919c3d68c955203bcbe9edc8ac6b5c42.jpg\",\"title\":\"彻底搞懂在不同坐标变换坐标系下的三相锁相环输出特点\",\"pubdate\":1624880285,\"ctime\":1624880285,\"desc\":\"\",\"state\":0,\"duration\":2005,\"rights\":{\"bp\":0,\"elec\":0,\"download\":0,\"movie\":0,\"pay\":0,\"hd5\":0,\"no_reprint\":0,\"autoplay\":0,\"ugc_pay\":0,\"is_cooperation\":0,\"ugc_pay_preview\":0,\"arc_pay\":0,\"free_watch\":0},\"author\":{\"mid\":0,\"name\":\"\",\"face\":\"\"},\"stat\":{\"aid\":758836146,\"view\":17314,\"danmaku\":41,\"reply\":89,\"fav\":674,\"coin\":311,\"share\":87,\"now_rank\":0,\"his_rank\":0,\"like\":349,\"dislike\":0,\"evaluation\":\"\",\"argue_msg\":\"\",\"vt\":0,\"vv\":17314},\"dynamic\":\"\",\"dimension\":{\"width\":0,\"height\":0,\"rotate\":0},\"desc_v2\":null,\"is_chargeable_season\":false,\"is_blooper\":false,\"enable_vt\":0,\"vt_display\":\"\"},\"page\":{\"cid\":361132931,\"page\":1,\"from\":\"vupload\",\"part\":\"三相锁相环详解\",\"duration\":2005,\"vid\":\"\",\"weblink\":\"\",\"dimension\":{\"width\":1920,\"height\":1080,\"rotate\":0}},\"bvid\":\"BV1h64y197dN\"},{\"season_id\":1188685,\"section_id\":1369191,\"id\":24136927,\"aid\":291460583,\"cid\":361679948,\"title\":\"彻底搞懂三相单相在不同坐标系下的瞬时功率计算\",\"attribute\":0,\"arc\":{\"aid\":291460583,\"videos\":0,\"type_id\":0,\"type_name\":\"\",\"copyright\":0,\"pic\":\"http://i1.hdslb.com/bfs/archive/1b992a539407040eb765b15bf2a5ac59c2823ef4.jpg\",\"title\":\"彻底搞懂三相单相在不同坐标系下的瞬时功率计算\",\"pubdate\":1624968538,\"ctime\":1624968538,\"desc\":\"\",\"state\":0,\"duration\":2380,\"rights\":{\"bp\":0,\"elec\":0,\"download\":0,\"movie\":0,\"pay\":0,\"hd5\":0,\"no_reprint\":0,\"autoplay\":0,\"ugc_pay\":0,\"is_cooperation\":0,\"ugc_pay_preview\":0,\"arc_pay\":0,\"free_watch\":0},\"author\":{\"mid\":0,\"name\":\"\",\"face\":\"\"},\"stat\":{\"aid\":291460583,\"view\":8474,\"danmaku\":17,\"reply\":41,\"fav\":382,\"coin\":305,\"share\":47,\"now_rank\":0,\"his_rank\":0,\"like\":333,\"dislike\":0,\"evaluation\":\"\",\"argue_msg\":\"\",\"vt\":0,\"vv\":8474},\"dynamic\":\"\",\"dimension\":{\"width\":0,\"height\":0,\"rotate\":0},\"desc_v2\":null,\"is_chargeable_season\":false,\"is_blooper\":false,\"enable_vt\":0,\"vt_display\":\"\"},\"page\":{\"cid\":361679948,\"page\":1,\"from\":\"vupload\",\"part\":\"三相单相瞬时功率计算\",\"duration\":2380,\"vid\":\"\",\"weblink\":\"\",\"dimension\":{\"width\":1920,\"height\":1080,\"rotate\":0}},\"bvid\":\"BV1xf4y1b7BK\"}]}],\"stat\":{\"season_id\":1188685,\"view\":71425,\"danmaku\":214,\"reply\":310,\"fav\":3468,\"coin\":1747,\"share\":434,\"now_rank\":0,\"his_rank\":0,\"like\":1938,\"vt\":0,\"vv\":0},\"ep_count\":3,\"season_type\":1,\"is_pay_season\":false,\"enable_vt\":0},\"is_season_display\":true,\"user_garb\":{\"url_image_ani_cut\":\"\"},\"honor_reply\":{},\"like_icon\":\"\",\"need_jump_bv\":false,\"disable_show_up_info\":false},\"exp\":1699351844772}"},"ts":1698978162427}