{"options":{"awareOfChrome":false,"check_for_updates":true,"comment":null,"compat_arrayleft":false,"compat_foreach":false,"compat_forvarin":false,"compat_metadata":false,"compat_uW_gmonkey":false,"compat_wrappedjsobject":false,"compatopts_for_requires":true,"noframes":null,"override":{"merge_connects":true,"merge_excludes":true,"merge_includes":true,"merge_matches":true,"orig_connects":[],"orig_excludes":[],"orig_includes":["*/search?*","*bookDetail.jsp?*","*chapter.jsp?*","*book.do?*","*advsearch*","*book.do?go=guide*","*book.do?go=showmorelib*","*searchEBook*","*www.duxiu.com*","*n/jpgfs/book/base*","*n/slib/book/slib*"],"orig_matches":["*://*.duxiu.com/search*","*://book.ucdrs.superlib.net/views/specific/*","*://book.ucdrs.superlib.net/search*","*://book.dglib.superlib.net/views/specific/*","*://book.dglib.superlib.net/search*","*://book.douban.com/isbn/*","*://cadal.edu.cn/cadalinfo/search*","*://cadal.edu.cn/cardpage/bookCardPage?*ssno=*","*://fx.ccelib.com/detail_*","*://fx.ccelib.com/s?*"],"orig_noframes":null,"orig_run_at":"document-idle","use_blockers":[],"use_connects":[],"use_excludes":[],"use_includes":[],"use_matches":[]},"run_at":null},"settings":{"enabled":true,"position":31},"meta":{"name":"图书互助查询小帮手: 读秀超星图书联盟显示图书编号","uuid":"1c9f98d3-6813-425d-95aa-ade5038e813f","modified":1710204271405,"file_url":"https://update.greasyfork.org/scripts/452189/%E5%9B%BE%E4%B9%A6%E4%BA%92%E5%8A%A9%E6%9F%A5%E8%AF%A2%E5%B0%8F%E5%B8%AE%E6%89%8B%3A%20%E8%AF%BB%E7%A7%80%E8%B6%85%E6%98%9F%E5%9B%BE%E4%B9%A6%E8%81%94%E7%9B%9F%E6%98%BE%E7%A4%BA%E5%9B%BE%E4%B9%A6%E7%BC%96%E5%8F%B7.user.js"}}