{"options":{"awareOfChrome":false,"check_for_updates":true,"comment":null,"compat_arrayleft":false,"compat_foreach":false,"compat_forvarin":false,"compat_metadata":false,"compat_uW_gmonkey":false,"compat_wrappedjsobject":false,"compatopts_for_requires":true,"noframes":null,"override":{"merge_connects":true,"merge_excludes":true,"merge_includes":true,"merge_matches":true,"orig_connects":[],"orig_excludes":[],"orig_includes":[],"orig_matches":["*://*.npmjs.com/*","http://portal.ai.babytree-inc.com/*","https://www.bootcdn.cn/*","https://www.bilibili.com/*","https://search.bilibili.com/*","http://splunk.ali.plt.babytree-inc.com/*","http://developer.chrome.com/*","*://code.visualstudio.com/*","*://juejin.cn/*","*://juejin.im/*","*://*.vuejs.org/*","https://developer.chrome.com/*","https://marketplace.visualstudio.com/*","https://mobile.ant.design/*","https://developer.mozilla.org/*","*://gitlab.babytree-inc.com/*","https://hellogithub.com/*","https://react.docschina.org/*","https://zh-hans.reactjs.org/*","https://eslint.org/docs/*","https://prettier.io/*","https://www.prettier.cn/*","https://translate.google.cn/*","*://npmmirror.com/*","*://*.github.com/*","*://hub.docker.com/*","*://mirrors.huaweicloud.com/*","*://jenkins3.plt.babytree-inc.com/*","*://www.typescriptlang.org/*","*://www.runoob.com/*","*://greasyfork.org/*","*://www.expressjs.com.cn/*","*://confluence.babytree-inc.com/*","*://space.babytree-inc.com/*","*://plugins.jetbrains.com/*","*://gitool.plt.babytree-inc.com/*","*://npm.baobaoshu.com/*","*://greasyfork.org/zh-CN/scripts","*://www.zhihu.com/*","*://www.swiper.com.cn/*","*://*.csdn.net/*","*://*.huaweicloud.com/*","*://huaweicloud.com/*"],"orig_noframes":null,"orig_run_at":"document-idle","use_blockers":[],"use_connects":[],"use_excludes":[],"use_includes":[],"use_matches":[]},"run_at":null},"settings":{"enabled":true,"position":28},"meta":{"name":"快捷搜索-开发者搜索：覆盖掘金、react docs、google API、vscode插件市场搜索搜索、菜鸟搜索、docker hub、淘宝镜像官网、华为云镜像官网、jenkins、npmjs、mdn、ant.mobile.design、bilibili、github、prettier.io、等基本所有开发者常用网址","uuid":"284045d6-598d-45e8-8eb9-97b1bd5a7d35","modified":1706748010228,"file_url":"https://update.greasyfork.org/scripts/445659/%E5%BF%AB%E6%8D%B7%E6%90%9C%E7%B4%A2-%E5%BC%80%E5%8F%91%E8%80%85%E6%90%9C%E7%B4%A2%EF%BC%9A%E6%8E%98%E9%87%91%E3%80%81react%E3%80%81google%20API%E3%80%81vscode%E6%8F%92%E4%BB%B6%E5%B8%82%E5%9C%BA%E3%80%81%E8%8F%9C%E9%B8%9F%E6%90%9C%E7%B4%A2%E3%80%81docker%E3%80%81%E6%B7%98%E5%AE%9D%E3%80%81%E5%8D%8E%E4%B8%BA%E4%BA%91%E9%95%9C%E5%83%8F%E5%AE%98%E7%BD%91%E3%80%81npmjs%E3%80%81mdn%E3%80%81antd%E3%80%81bilib%E3%80%81github%E7%AD%89%E5%BC%80%E5%8F%91%E8%80%85%E5%B8%B8%E7%94%A8%E7%BD%91%E5%9D%80.user.js"}}