{"options":{"awareOfChrome":false,"check_for_updates":true,"comment":null,"compat_arrayleft":false,"compat_foreach":false,"compat_forvarin":false,"compat_metadata":false,"compat_uW_gmonkey":false,"compat_wrappedjsobject":false,"compatopts_for_requires":true,"noframes":null,"override":{"merge_connects":true,"merge_excludes":true,"merge_includes":true,"merge_matches":true,"orig_connects":[],"orig_excludes":[],"orig_includes":[],"orig_matches":["*://wenku.baidu.com/view/*","*://wenku.baidu.com/tfview/*","*://wenku.baidu.com/link?url*","*://wenku.baidu.com/share/*","*://www.doc88.com/p-*","*://www.docin.com/p-*","*://jz.docin.com/p-*","*://www.taodocs.com/p-*","*://file.taodocs.com/p-*","*://max.book118.com/html/*"],"orig_noframes":null,"orig_run_at":"document-idle","use_blockers":[],"use_connects":[],"use_excludes":[],"use_includes":[],"use_matches":[]},"run_at":null},"settings":{"enabled":true,"position":14},"meta":{"name":"文库下载器","uuid":"72a62449-9a7f-4bff-ac81-3b59025be5c1","modified":1698397196391,"file_url":"https://greasyfork.org/scripts/437609-%E6%96%87%E5%BA%93%E4%B8%8B%E8%BD%BD%E5%99%A8/code/%E6%96%87%E5%BA%93%E4%B8%8B%E8%BD%BD%E5%99%A8.user.js"}}