{"options":{"awareOfChrome":false,"check_for_updates":true,"comment":null,"compat_arrayleft":false,"compat_foreach":false,"compat_forvarin":false,"compat_metadata":false,"compat_uW_gmonkey":false,"compat_wrappedjsobject":false,"compatopts_for_requires":true,"noframes":null,"override":{"merge_connects":true,"merge_excludes":true,"merge_includes":true,"merge_matches":true,"orig_connects":["baidu.com","baidupcs.com","unpkg.com","*"],"orig_excludes":[],"orig_includes":[],"orig_matches":["*://pan.baidu.com/disk/home*","*://pan.baidu.com/disk/main*","*://pan.baidu.com/disk/synchronization*","*://pan.baidu.com/s/*","*://yun.baidu.com/disk/home*","*://yun.baidu.com/disk/main*","*://yun.baidu.com/disk/synchronization*","*://yun.baidu.com/s/*","*://wangpan.baidu.com/disk/home*","*://wangpan.baidu.com/disk/main*","*://wangpan.baidu.com/disk/synchronization*","*://wangpan.baidu.com/s/*","*://pan.baidu.com/wap/home*","*://openapi.baidu.com/oauth/2.0/login_success"],"orig_noframes":null,"orig_run_at":"document-body","use_blockers":[],"use_connects":[],"use_excludes":[],"use_includes":[],"use_matches":[]},"run_at":null},"settings":{"enabled":true,"position":20},"meta":{"name":"百度网盘秒传转存助手 支持PC及移动端 永久无广告绿色版","uuid":"f7c98275-6f94-45a9-9c79-1d22f31a5d69","modified":1698975343715,"file_url":"https://greasyfork.org/scripts/468633-%E7%99%BE%E5%BA%A6%E7%BD%91%E7%9B%98%E7%A7%92%E4%BC%A0%E8%BD%AC%E5%AD%98%E5%8A%A9%E6%89%8B-%E6%94%AF%E6%8C%81pc%E5%8F%8A%E7%A7%BB%E5%8A%A8%E7%AB%AF-%E6%B0%B8%E4%B9%85%E6%97%A0%E5%B9%BF%E5%91%8A%E7%BB%BF%E8%89%B2%E7%89%88/code/%E7%99%BE%E5%BA%A6%E7%BD%91%E7%9B%98%E7%A7%92%E4%BC%A0%E8%BD%AC%E5%AD%98%E5%8A%A9%E6%89%8B%20%E6%94%AF%E6%8C%81PC%E5%8F%8A%E7%A7%BB%E5%8A%A8%E7%AB%AF%20%E6%B0%B8%E4%B9%85%E6%97%A0%E5%B9%BF%E5%91%8A%E7%BB%BF%E8%89%B2%E7%89%88.user.js"}}