{"options":{"awareOfChrome":false,"check_for_updates":true,"comment":null,"compat_arrayleft":false,"compat_foreach":false,"compat_forvarin":false,"compat_metadata":false,"compat_uW_gmonkey":false,"compat_wrappedjsobject":false,"compatopts_for_requires":true,"noframes":null,"override":{"merge_connects":true,"merge_excludes":true,"merge_includes":true,"merge_matches":true,"orig_connects":["*","lanzoub.com","lanzouc.com","lanzoue.com","lanzouf.com","lanzoug.com","lanzouh.com","lanzoui.com","lanzouj.com","lanzouk.com","lanzoul.com","lanzoum.com","lanzouo.com","lanzoup.com","lanzouq.com","lanzous.com","lanzout.com","lanzouu.com","lanzouv.com","lanzouw.com","lanzoux.com","lanzouy.com","lanosso.com","lanzn.com","lanzog.com","lanpw.com","lanpv.com","lanzv.com","wwentua.com","ilanzou.com","189.cn","123pan.com","123pan.cn","wenshushu.cn","jianguoyun.com","cowtransfer.com","cowcs.com","aliyundrive.com","baidu.com","139.com","weiyun.com","xunlei.com","115.com","quark.cn","jianguoyun.com","uc.cn","ctfile.com","sharepoint.com"],"orig_excludes":["/^http(s|):\\/\\/s1\\.hdslb\\.com\\/.*$/","/^http(s|):\\/\\/www\\.bilibili\\.com\\/video.*$/","/^http(s|):\\/\\/message\\.bilibili\\.com\\/.*$/","/^http(s|):\\/\\/live\\.bilibili\\.com\\/.*$/","/^http(s|):\\/\\/.*\\.mail\\.qq\\.com\\/.*$/","/^http(s|):\\/\\/.*video\\.qq\\.com\\/.*$/","/^http(s|):\\/\\/.*\\.vscode-cdn\\.net\\/.*$/","/^http(s|):\\/\\/.*vscode\\.dev\\/.*$/","/^http(s|):\\/\\/cloudgame\\.ds\\.163\\.com\\/.*$/","/^http(s|):\\/\\/cloudgame\\.webapp\\.163\\.com\\/.*$/","/^http(s|):\\/\\/cg\\.163\\.com\\/.*$/"],"orig_includes":[],"orig_matches":["*://*/*"],"orig_noframes":null,"orig_run_at":"document-end","use_blockers":[],"use_connects":[],"use_excludes":["/(^[^:\\/#\\?]*:\\/\\/([^#\\?\\/]*\\.)?github\\.com(:[0-9]{1,5})?\\/.*$)/"],"use_includes":[],"use_matches":[]},"run_at":null},"settings":{"enabled":true,"position":29},"meta":{"name":"网盘链接识别","uuid":"5393b59f-f0e7-4bce-91e0-e73361fc6489","modified":1707964482379,"file_url":"https://update.greasyfork.org/scripts/445489/%E7%BD%91%E7%9B%98%E9%93%BE%E6%8E%A5%E8%AF%86%E5%88%AB.user.js"}}