{"data":{"bilibili_signIn":"s2024-6-11","bilibili_video_record":"sBV1oH4y1o7p2BV1Tg411J7tgBV1dX4y1A7YFBV1h64y197dNBV1xf4y1b7BKav884056584BV1T64y1z7rcBV1wT411N7sVBV19g411d7kyBV1qG4y1F7ucBV1xJ41137Q3BV1Zy4y1J73EBV1Bd4y1T7vHBV1ay411h74iBV1g841137jf","navigation_data_cache_8898":"o[{\"name\":\"资源搜索\",\"list\":[{\"name\":\"财经搜索\",\"url\":\"https://www.shaduizi.com/s/search?q=@@&currentPage=1\"},{\"name\":\"百度百科\",\"url\":\"https://baike.baidu.com/item/@@\"},{\"name\":\"知乎搜索\",\"url\":\"https://www.zhihu.com/search?type=content&q=@@\"},{\"name\":\"B站搜索\",\"url\":\"https://search.bilibili.com/all?keyword=@@&from_source=webtop_search&spm_id_from=333.851\"},{\"name\":\"抖音搜索\",\"url\":\"https://www.douyin.com/search/@@?aid=0a9fc74b-01e8-4fb0-9509-307c5c07fda1&publish_time=0&sort_type=0&source=normal_search&type=general\"},{\"name\":\"搜狗|公众号\",\"url\":\"https://weixin.sogou.com/weixin?type=2&query=@@\"},{\"name\":\"搜狗|知乎\",\"url\":\"https://www.sogou.com/sogou?pid=sogou-wsse-ff111e4a5406ed40&insite=zhihu.com&ie=utf8&p=73351201&query=@@&ie=utf8&p=73351201&query=@@\"},{\"name\":\"豆瓣搜索\",\"url\":\"https://www.douban.com/search?q=@@\"},{\"name\":\"电影搜索\",\"url\":\"https://www.cupfox.com/search?key=@@\"},{\"name\":\"维基百科\",\"url\":\"https://en.wikipedia.org/w/index.php?search=@@\"},{\"name\":\"法律法规\",\"url\":\"https://www.pkulaw.com/law/chl?Keywords=@@\"},{\"name\":\"icon搜索\",\"url\":\"https://www.iconfont.cn/search/index?searchType=icon&q=@@\"},{\"name\":\"github\",\"url\":\"https://github.com/search?q=@@\"},{\"name\":\"csdn\",\"url\":\"https://so.csdn.net/so/search?q=@@&t=&u=\"},{\"name\":\"stackoverflow\",\"url\":\"https://stackoverflow.com/\"}]},{\"name\":\"搜索引擎\",\"list\":[{\"name\":\"百度\",\"url\":\"https://www.baidu.com/s?wd=@@\"},{\"name\":\"必应\",\"url\":\"https://cn.bing.com/search?q=@@\"},{\"name\":\"Google\",\"url\":\"https://www.google.com/search?q=@@\"},{\"name\":\"360搜索\",\"url\":\"https://www.so.com/s?ie=utf-8&fr=none&src=360sou_newhome&nlpv=basest&q=@@\"},{\"name\":\"搜狗\",\"url\":\"https://www.sogou.com/web?query=@@\"},{\"name\":\"头条搜索\",\"url\":\"https://so.toutiao.com/search?dvpf=pc&source=input&keyword=@@\"}]},{\"name\":\"云服务厂商\",\"list\":[{\"name\":\"腾讯云\",\"url\":\"https://cloud.tencent.com/act/pro/cps_3?fromSource=gwzcw.6688284.6688284.6688284&utm_medium=cps&utm_id=gwzcw.6688284.6688284.6688284&cps_key=75ae4f3c1e4e051990d375abcf1bc4d5\"},{\"name\":\"阿里云\",\"url\":\"https://www.aliyun.com/activity?source=5176.11533457&userCode=hcf6ol03\"},{\"name\":\"百度云\",\"url\":\"https://cloud.baidu.com/\"},{\"name\":\"华为云\",\"url\":\"https://www.huaweicloud.com/product/\"},{\"name\":\"京东云\",\"url\":\"https://www.jdcloud.com/\"},{\"name\":\"Ucloud\",\"url\":\"https://www.ucloud.cn/\"},{\"name\":\"搬瓦工\",\"url\":\"https://bandwagonhost.com/aff.php?aff=66028\"},{\"name\":\"Vultr\",\"url\":\"https://www.vultr.com/?ref=6866617\"}]}]"},"ts":1718347440973}