{"options":{"check_for_updates":true,"comment":null,"compatopts_for_requires":true,"compat_wrappedjsobject":false,"compat_metadata":false,"compat_foreach":false,"compat_arrayleft":false,"compat_uW_gmonkey":false,"compat_forvarin":false,"noframes":null,"awareOfChrome":false,"run_at":null,"override":{"merge_connects":true,"merge_excludes":true,"merge_includes":true,"merge_matches":true,"orig_connects":[],"orig_excludes":["*://yiyan.baidu.com/*","*://*.bing.com/search*"],"orig_includes":[],"orig_matches":["*://*/*"],"orig_noframes":null,"orig_run_at":"document-start","use_blockers":[],"use_connects":[],"use_excludes":[],"use_includes":[],"use_matches":[]}},"settings":{"enabled":true,"position":16},"meta":{"name":"HTML5视频播放器增强脚本","uuid":"d2982050-0aca-430f-b007-63753424ad86","modified":1717748485137,"file_url":"https://update.greasyfork.org/scripts/381682/HTML5%E8%A7%86%E9%A2%91%E6%92%AD%E6%94%BE%E5%99%A8%E5%A2%9E%E5%BC%BA%E8%84%9A%E6%9C%AC.user.js"}}