{"options":{"awareOfChrome":false,"check_for_updates":true,"comment":null,"compat_arrayleft":false,"compat_foreach":false,"compat_forvarin":false,"compat_metadata":false,"compat_prototypes":true,"compat_uW_gmonkey":false,"compat_wrappedjsobject":false,"compatopts_for_requires":true,"noframes":null,"override":{"merge_connects":true,"merge_excludes":true,"merge_includes":true,"merge_matches":true,"orig_connects":["translate.googleapis.com","api-edge.cognitive.microsofttranslator.com","edge.microsoft.com","transmart.qq.com","tmt.tencentcloudapi.com","www2.deepl.com","w.deepl.com","immersive-translate.owenyoung.com","chat.openai.com","bing.com","www.bing.com","open.volcengineapi.com","fanyi.baidu.com","api.fanyi.baidu.com","api.interpreter.caiyunai.com","api-free.deepl.com","api.deepl.com","api.openl.club","openapi.youdao.com","translate.volcengine.com","api.niutrans.com","immersivetranslate.com","api.immersivetranslate.com","immersive-translate.deno.dev","www.googleapis.com","www.google-analytics.com","api.papago-chrome.com","api.openai.com","api.interpreter.caiyunai.com","api.cognitive.microsofttranslator.com","aidemo.youdao.com","localhost"],"orig_excludes":[],"orig_includes":["*"],"orig_matches":["*://*/*"],"orig_noframes":null,"orig_run_at":"document-end","use_blockers":[],"use_connects":[],"use_excludes":[],"use_includes":[],"use_matches":[]},"run_at":null},"settings":{"enabled":true,"position":13},"meta":{"name":"Immersive Translate","uuid":"5cd016d3-99a1-4efe-9c30-30296018822d","modified":1698369669894,"file_url":"https://greasyfork.org/scripts/457196-immersive-translate/code/Immersive%20Translate.user.js"}}