{"options":{"check_for_updates":true,"comment":null,"compatopts_for_requires":true,"compat_wrappedjsobject":false,"compat_metadata":false,"compat_foreach":false,"compat_arrayleft":false,"compat_uW_gmonkey":false,"compat_forvarin":false,"noframes":null,"awareOfChrome":false,"run_at":null,"override":{"merge_connects":true,"merge_excludes":true,"merge_includes":true,"merge_matches":true,"orig_connects":["www.google.com","www.google.com.hk","www.google.co.jp","ipv4.google.com","image.baidu.com","www.tineye.com","hoothin.com","*"],"orig_excludes":["http://www.toodledo.com/tasks/*","http*://maps.google.com*/*","*://www.google.*/_/chrome/newtab*","*://mega.*/*","*://*.mega.*/*","*://onedrive.live.com/*"],"orig_includes":[],"orig_matches":["*://*/*"],"orig_noframes":null,"orig_run_at":"document-body","use_blockers":[],"use_connects":[],"use_excludes":[],"use_includes":[],"use_matches":[]}},"settings":{"enabled":false,"position":27},"meta":{"name":"Picviewer CE+","uuid":"8f69478b-7922-4522-91d4-0698b8e223a1","modified":1717748477704,"file_url":"https://update.greasyfork.org/scripts/24204/Picviewer%20CE%2B.user.js"}}