{"options":{"awareOfChrome":false,"check_for_updates":true,"comment":null,"compat_arrayleft":false,"compat_foreach":false,"compat_forvarin":false,"compat_metadata":false,"compat_uW_gmonkey":false,"compat_wrappedjsobject":false,"compatopts_for_requires":true,"noframes":null,"override":{"merge_connects":true,"merge_excludes":true,"merge_includes":true,"merge_matches":true,"orig_connects":[],"orig_excludes":["https://*.douban.com/view/ark_article_cover/*","https://*.doubanio.com/view/ark_article_cover/*"],"orig_includes":[],"orig_matches":["http://*.googleusercontent.com/*","https://*.googleusercontent.com/*","http://*.media.tumblr.com/*","https://*.media.tumblr.com/*","http://secure.static.tumblr.com/*","https://secure.static.tumblr.com/*","http://*.bp.blogspot.com/*","https://*.bp.blogspot.com/*","http://*.sinaimg.cn/*","https://*.sinaimg.cn/*","http://*.sinaimg.com/*","https://*.sinaimg.com/*","http://*.twimg.com/*","https://*.twimg.com/*","http://*.zhimg.com/*","https://*.zhimg.com/*","http://*.douban.com/view/*","https://*.douban.com/view/*","http://*.doubanio.com/view/*","https://*.doubanio.com/view/*","http://imgsrc.baidu.com/*","https://imgsrc.baidu.com/*","http://imgsa.baidu.com/*","https://imgsa.baidu.com/*","http://*.hiphotos.baidu.com/*","https://*.hiphotos.baidu.com/*","http://*.bdimg.com/*","https://*.bdimg.com/*","http://tiebapic.baidu.com/*","https://tiebapic.baidu.com/*","http://images.akamai.steamusercontent.com/*","https://images.akamai.steamusercontent.com/*","http://steamuserimages-a.akamaihd.net/*","https://steamuserimages-a.akamaihd.net/*","http://*.artstation.com/*","https://*.artstation.com/*","http://i.ytimg.com/*","https://i.ytimg.com/*","http://*.ggpht.com/*","https://*.ggpht.com/*","http://*.pinimg.com/*","https://*.pinimg.com/*","http://*.hdslb.com/*","https://*.hdslb.com/*","http://*.alicdn.com/*","https://*.alicdn.com/*","http://*.360buyimg.com/*","https://*.360buyimg.com/*","http://*.riotpixels.net/*","https://*.riotpixels.net/*","https://preview.redd.it/*","https://*.akamaized.net/imagecache/*","https://mmbiz.qpic.cn/*"],"orig_noframes":null,"orig_run_at":"document-start","use_blockers":[],"use_connects":[],"use_excludes":[],"use_includes":[],"use_matches":[]},"run_at":null},"settings":{"enabled":true,"position":25},"meta":{"name":"Resize Image On \"Open image in new tab\"","uuid":"5435ae7e-47a4-471b-8d83-dc03b9377560","modified":1705911580721,"file_url":"https://update.greasyfork.org/scripts/2312/Resize%20Image%20On%20%22Open%20image%20in%20new%20tab%22.user.js"}}