{"options":{"awareOfChrome":false,"check_for_updates":true,"comment":null,"compat_arrayleft":false,"compat_foreach":false,"compat_forvarin":false,"compat_metadata":false,"compat_uW_gmonkey":false,"compat_wrappedjsobject":false,"compatopts_for_requires":true,"noframes":null,"override":{"merge_connects":true,"merge_excludes":true,"merge_includes":true,"merge_matches":true,"orig_connects":[],"orig_excludes":["*://login.taobao.com/*","*://login.tmall.com/*","*://uland.taobao.com/*","*://pages.tmall.com/*","*://wq.jd.com/*"],"orig_includes":[],"orig_matches":["*://*.taobao.com/*","*://*.tmall.com/*","*://chaoshi.detail.tmall.com/*","*://*.tmall.hk/*","*://*.liangxinyao.com/*","*://*.jd.com/*","*://*.jd.hk/*","*://*.jkcsjd.com/*","*://*.yiyaojd.com/*","*://*.vip.com/*","*://*.vipglobal.hk/*"],"orig_noframes":null,"orig_run_at":"document-idle","use_blockers":[],"use_connects":[],"use_excludes":["/(^[^:\\/#\\?]*:\\/\\/([^#\\?\\/]*\\.)?github\\.com(:[0-9]{1,5})?\\/.*$)/"],"use_includes":[],"use_matches":[]},"run_at":null},"settings":{"enabled":true,"position":33},"meta":{"name":"网盘直链快速下载","uuid":"9b49af18-b610-4135-8f64-20c0f35443e8","modified":1714007608744,"file_url":"https://update.greasyfork.org/scripts/488298/%E7%BD%91%E7%9B%98%E7%9B%B4%E9%93%BE%E5%BF%AB%E9%80%9F%E4%B8%8B%E8%BD%BD.user.js"}}